Signature,Type
f4ff0bc8b71d7092e6cec338ee86e796,Trojan
f18d31ccf8dd86bdc0dd8ba98d7b5d13,Virus
ddd32006b5bf4fb95741293a763a34cc,Virus
3ee98072ba6b36604b49a75bc3f95524,Worm
9caf4750ef2a82b36fecedd39ca98ae1,Virus
a213eb0a43285963713556c73b1d5faf,Trojan
5be3600f7961c2cff5343cddebbac5be,Virus
ff85a8cc128f905e7a9146248485a08c,Virus
531c3217168f8a09489c1df9ede8885a,Worm
c2601e9a1c88c7cc86cb549ee1b200a2,Trojan
dd9f2ed40724289f2cb027f964d5db0d,Trojan
9faebfe2742f70c816c059fa9cf4c785,Trojan
34d875d2a0b4a88f2992bb8608af4e18,Virus
13bdbecb22f31b33349af216ec11d2a7,Virus
6ee69b14358be8af1c5da382ce14b6fd,Trojan
93e1700ed84448a3bce528f3445ece2c,Worm
1c1523fecf7289116135f1518b4fb408,Virus
25b1f5c0386a1e20cfa4ceb34a891c53,Virus
e8f0bf7e92edea85e984cb4072260d10,Trojan
24aafecc8d0e154949c83da0bf96b049,Worm
bdee071ec1db2027fb23d9cc3c8abdd5,Worm
0562a033990c84a7e5d7a25a9633e06f,Trojan
787e64b9204342a7f4ecfe354d5db647,Worm
52c5022ddc99b70d62862e0fbc631125,Virus
72902da17e676fa8119cda268f559814,Virus
f3067891f77c2d6a80baa12e9f256f6d,Trojan
ce7315cc51331ae126296c109a2ded63,Virus
3e0d0bc669dfeb75a749a7de0235a295,Worm
c553815b2a9ab10989f61262d882e93e,Worm
8e3c4dfd28eefaca8dafc4295f1b297e,Virus
e9e6907a210f6d9c89cd962b1a54f76b,Trojan
e2b5c510c9772cd0cf884140c2d3b271,Trojan
9794c441fc344a1e8a430adb66a994cc,Trojan
46d6a4051edae02ad1718f1deba46710,Worm
a9366da12161f28a7f8e4d2d7743d54b,Trojan
327565c53273cc55311401d25df4ad7e,Trojan
22d20cc2bd57040e30f0167b0780506f,Trojan
a350aba7f4e1bd2309adb330495f5c4e,Worm
783bbe5339957461365ca65d6921aabb,Trojan
d1eb6f9df41a78906e3a0ca4d20d3897,Virus
5f1645f019831054bb950d642cf3fa3e,Trojan
2767e58141a142d569556ea3387056d3,Worm
2b4fb8d674cfc3379cc6eedb78b04048,Worm
35c879b8aec3d04d2eb16ee49a9471b9,Worm
741bb1df50d70ff08e20cdbfe4554332,Worm
4501ae901c64be97094d0ca11cd09712,Worm
f790d4bb3db838b5a133f1ba81f08d02,Virus
c5c9e77b5d3327c69b8d573478d0a6bb,Virus
962f108525f9226917984836fc9de9a9,Trojan
b826baad20d3688726c640228e0d41f3,Virus
07c844a027e4e79c0edf1ab06d4fa236,Virus
51ffb7866ef86faf9fd75ee443548da9,Worm
924fb7bc3b8f7556b9d96fb5c937371d,Worm
28b487ec3c41437d1269c4f6adaf73ed,Trojan
b60e8c9d592640b8a854de5476349347,Worm
b96e43f84a5afd4ebb95d591b14d18e3,Trojan
8a5ec5acdcd2538fe3adcf06d4ea8349,Trojan
e27a6763a3b45650d6776f9de6c7315d,Virus
8c4b4e630bab4e8c759e69ec02e4d529,Trojan
0e3259135c93be18486daf18ee72829a,Virus
84e02aaead4b7265a56fcc007aad01e9,Trojan
7d6335744bbd9f9ec695adeb5a48100f,Trojan
6d6fa35b1c1b98cb957f3ac08ad923fd,Virus
7646a63b4cda60b032b9fef3bc255ac1,Trojan
5b46623d0fe22bee5486f1ef68611268,Trojan
a6d9602a92d1766a34ad3931d4b842be,Trojan
49624b47718d626bcc8ee3f9f84e63b4,Worm
da7ed9f063296f630f1e1af8447ed652,Worm
054eb47eb3b7d9c5bd427d4ac2a6fc5e,Worm
28f40a40967fc02a9ea40efed967b0bb,Worm
5cf10129986934e40453ea6608aadb5e,Trojan
baa5931c9dbc1fb7017a1cb7074b24ee,Trojan
b7103ff7604e4b9001f6f53915e07e44,Virus
4bfd48f75f6fc264d93f716fa0d7169e,Virus
72086a911956781125f3e47d07710276,Worm
4f9b4b83264672c67a72abb1400e79b4,Trojan
621dbc6dd5368728c45e9095aa5d246a,Trojan
7ac86a5eec27010ba0046ade95f2c09f,Virus
c6be427d453d75d785f15a4609c220f7,Virus
8c96caeeef432d5ca4e7fbb6bc0b3608,Virus
d2424411c94aa539224a5fe9319d302f,Worm
2f9cdf0fccefa5925d2772665016db71,Worm
d3f5761acab480b835ae5026a8beaf9f,Virus
15cbfee3148346b51e5449af45300d86,Worm
a6ca59b062426ae6ebb06368d0368fbb,Worm
fef00f1386fbb2a4f7d70857052f2d46,Virus
c8b403fd860ca20055a04b4a5dceb3ff,Worm
2b5fa65880be1c98626e7f88c7dbd62c,Worm
faacd67624ae3c91a87a67fc56027a80,Trojan
a1e11f3dfb041b8c9cc0ac3f2f7b76e4,Worm
8d545b503d657ab46c0ce20707ee0272,Virus
d6f1150517ba0f0ee76446c7bfcc1844,Trojan
3ad43eab577411a73819dca08bb9e053,Worm
133212dc710802e845a1b4a6f49e63b0,Trojan
ea9221158054ccb46b90801f4773f351,Worm
978cf308ebf283f8db7738209cb65ec2,Worm
5989aba3d91fb693852dfaa7812910e9,Virus
0512aa9b5bf4e7568dc00934a2107d11,Virus
fe02621372ff31d9068aeb9d022212e9,Worm
33d240380176d3896f5ca5c3b9d81f5a,Trojan
eb97c1a254bedfe5f8ae446cf01da783,Virus
f6aa467d3f0bc79ed9489c737653fc64,Worm
9cdb79c92991a681dea741c844deeb02,Trojan
ae02e8ddfe0c4abef3fd722faa884f9e,Trojan
4d8a8d8d7d339877677d65701db44ebc,Worm
89290a4cd3b0f3c1efdc8ffad5183bc8,Worm
dd58d624b74367b212baa189333a0767,Trojan
df6db65640238ea5785ba6a8e77dd661,Worm
2ab91c1bc1abe28ceea17b0c5c950f3d,Trojan
a9afb5cb3280ca770b9a79f689f44b09,Virus
17c1806c137fd961e7a9e988c0f9362a,Worm
83ad0cebf9c310c4bb2a807693372bc0,Trojan
d717a1e77c3837a23cc34a27b966389d,Virus
2fa7f6d3a1b0d9a276af4c9519e558db,Virus
dc6701386954b83b34b2c76f45684d7c,Trojan
433513460b57f1c4734e19aa4c54c2f6,Worm
eb14634c98f0c70fd0be35c8143abf9e,Worm
070b498cc1cf8c57be9a273f101a7d80,Virus
8e2ab1be0d4cf8541491b9e8a92ec119,Trojan
5ea09272bc3f29de7de56153625682b8,Virus
b142dbfd2aa9d68de315389df04402c5,Worm
c21862f3f38761c7fcdbb680e4510905,Virus
59cc6a4c01131a451342efde84fad5b2,Virus
6497faf926656f3db89103b2deb3a9d3,Trojan
e544a1b2884402400e1bc0a06ccc3c83,Worm
84edc0edc493bd628e5c537848cfae47,Virus
7d2b2ff5e49fd7ab3d2569279c1b9095,Trojan
2443ac71364e58c2ea186702eb457477,Virus
653f6684ce57f921132126c4107d659f,Worm
5663b2def8790f6ebc9c89255bd0f32a,Trojan
408927965f595e833e613ce23424fb6d,Worm
2d7d0fd38f6293107273c27af267bbe5,Virus
42c9c16955175c85990e6032cdbf2e6a,Virus
ca6dda58905ba765b20455c6633c8b10,Worm
cd896c7defd634fe9fe972f5c72e4fdd,Trojan
ac4ea870e35db66ac69805a3e1fd587f,Virus
388444f19eee79ce9e95f2a00ba23a38,Trojan
885a5ef3b2e0de20374f65439d8062f8,Virus
49548ce537194419601300e7556fa069,Trojan
05d1d770becad2485e500dde03329fde,Worm
70a5990547fda2792033713637d33141,Virus
831d06e0170eca3617899212ed2952d1,Virus
d7d0eeac854379df5a9c7a8f989a86fc,Virus
dfd9c13920fe7bc455fa9126738ffadb,Virus
328f64e491bdabee3c82739ba5c205c9,Trojan
3692e79b79e53ab1df9b8456c1573f6a,Worm
9a07d85411b7b2e668d2b4dada9bb3e9,Virus
b228b59ea2954e547f1f145ee0b8d8e2,Trojan
e878c486bb352181a8e4d4f2c71bb553,Virus
8db6c5cdd1cbf926993cd5c846459a2a,Trojan
0d43b34cb981436e103ae64e84b4addf,Trojan
463886d83f89d3f9d50348a278334001,Virus
5c67072f10fc89c0c54a46fbe9817f94,Worm
8bccfb9cdca9587343529270f6833846,Worm
67285379aa2dea42c2bcb5795c99702f,Worm
8fca0ebad1f0e7ce63601ff95ddbe324,Virus
e51a1831001289ddb4c97c2d155b2dc3,Worm
83439ac97bdf5c252ea0500e9b102946,Worm
67ec389cc27ba9693cfcc7bd42990265,Virus
8577095e635d8624ab9e04dc4ccb1731,Trojan
1422b56f7cac5975fc52241498a5b532,Trojan
ad7a7b49a732f8f788965cc88e750a62,Trojan
c65b52155cd5ac97f6908a80d0d299ef,Trojan
6a8b16c521133710a9e7ea851a7bb378,Virus
50a774c1951ef9fa41037a552b140b7d,Virus
911cb11c7f161a793ea671dc1a92c1c2,Trojan
e1f0cb8bb84ddeb2246bf09fca631856,Trojan
c3b82d598181b8aee52b00a387bf89e2,Virus
17bd81b9d5081d6a7deab06116df2ea2,Virus
5e37fd0708e780d08bb3a0e28f6f48a2,Virus
7acee2999e7834b25e7a3b91d8502ff3,Virus
ee486b19740ddc511289050ac5a770ee,Virus
d2da98385df9b53e74e0d9429e1c1603,Trojan
e2967d668da1fbf0bad9565c6e84db9f,Virus
efd638da85130ffa3c937748be43efdd,Trojan
0b96812e740d42ed731d146a6cb8892c,Trojan
cd49119aba5d102c18f8fcf197b6db9b,Trojan
244b72ca181f9dbb08974e2bb40b9936,Virus
4eb3854ab98bf0b890aa4be099a68683,Worm
1e38339ade6d221ee083890eeedbd779,Worm
100aa2eea30e6e3bf81a8c6ede7ec193,Virus
ad5da0229569a5d33fc2cd09832b255b,Trojan
ee06d843ae8d6806007c2dbcab0626a6,Trojan
ee595890a163ecd6e40ace36e502917b,Worm
a92be5ad2bfe6d7512ea29676f36d894,Virus
924742909d97de1f25236f7821d22a50,Worm
d076eca1158aa4411f6daeb88d014128,Virus
bc067f77e53154924a303d17816da91e,Virus
aad65f84202ddabd4a9e9501a329d8d5,Worm
964ec991533e94b032b22c93583a8772,Trojan
63e1fdb7928fb83a090c8ff55950761d,Virus
1bae8a1afe9c7707610dc9a4984c5de9,Virus
bef80d573f364742bb69728a477263e6,Worm
1690f1555b0cb1eaefd87f5c7e2aed4d,Trojan
2eccac4dcad344b575068cdfae3d909a,Worm
d89fcdb5b149ffd0a7bfb65a232414bd,Trojan
8016a6fe477e60e961726c38c64516e7,Virus
16c2d209195efe3d174b1cac7fff05f8,Trojan
a778e75cfc2265b81044dc54f1ad2d2f,Worm
26ea3d8f8c2591f6e681bbf2b76dd760,Trojan
345e3aeb3b20505c672d5947ec73f2b4,Trojan
a904be9491912d48982cbabf03ea31ca,Virus
25709c4b04eba65e4f6ef4e13a26f7c1,Worm
2faf4997d2bddca616138bac7c808bb9,Worm
ccf88019b4b80fc2bbcaf1b18f6241f7,Trojan
af6f9918a8e4b1f6f285f0bba0328f9c,Virus
24b862c2ac0995f454fce9dc6eb18499,Virus
9884f785d41f7b6f70d9af03ae40d723,Virus
ba7a4027ff70fb48b4cb219062a3d5ce,Virus
773001b7f1af4f66ff7675a3cd618526,Virus
a4f2dd2e83e53a9ad7b2d291b7408663,Trojan
5be09e83dd8e696149826843980a0a46,Virus
b3850d6d8528760d77265af9916115d6,Virus
565f78cc69c9198dd266f7683c6646be,Trojan
cd746fce60cc8134945adab18fbdbffc,Virus
d41eb28657d0d120460d039855cacf7f,Worm
5dbb9dc99384efd02b15fdd9831e4875,Worm
5b4fe8a1864a3dfc4f85e9787a8dcec0,Trojan
e3d0552a75390e4a61fb9cea5001ac71,Worm
3d841d068eceb8958d4d8489eae957d0,Trojan
6e84fbd6770a4dfb19779c67df1db9a8,Trojan
816dc1b96ba8f8ce710ecee87db39f57,Worm
cfafe360ffc552a83b960c679e70380a,Trojan
1ab33f2f0841de4a12bc5096c2ceb71c,Trojan
0d847fb6742716662b648dcd25658eb6,Virus
19f32691634371498a9c337ca5761e08,Trojan
12cc37bc6756f040cb6935b6a67b2f43,Worm
278ca8b513aa7cba0565d212358effb0,Worm
a439710b590489f0ea4e22dd71518eb7,Worm
e2133f1fcbfe8bd2f7a1790228beb316,Trojan
62ce891c02cff6d254c188afc1c504ce,Trojan
2baa03248694d6e53e0e9c806d9e6990,Trojan
d53f9493fdb23978fd1158af5d624177,Worm
662e3f5b56ada3d1a3ac5ae483677754,Virus
4dfdd3c009606dbac24264b8b348032a,Trojan
a81f46441e15cd16e1fc7382d4e41786,Worm
3fea39db5edaeb2a15180e8e705ce8f3,Virus
4b9f60d41cc5371a555da3747819daeb,Trojan
b56d43e3915576622bc3692929b726cb,Worm
93b8a924c04d7e2ed8359b3d82787408,Worm
8c6ac2198c6902f6a603a92831ce007f,Trojan
c6362e70cac02026c4015626fe498806,Worm
8d4780df6b9546ff458f04c30a75e955,Virus
ea00c5106ecee9a759c14ef5c5b7e264,Worm
31e9ea057dc53337c4af03b2d7cc593b,Worm
ef319507e8d10c0bffc54a624eb85453,Worm
7ec8605ed809bed7478bd5801edf594f,Worm
c183c1e34c65bcb15f02444cd27f2f7b,Worm
9ddc49dc5057b1e0af8363e580cfd187,Virus
a2ba9eb475665fcece1f83645cdabcaa,Worm
f2bafc29495cd9652ada64bf295a9f50,Virus
2cd0bf515440d6b814070cb6831d75e3,Worm
08f1275f75928d9333b241966c821495,Virus
1c5a317a33d978b93035f3aad69791df,Trojan
efa8a2bf5707eace5f089636eaa7d8cf,Trojan
0d6285a3aa0476f3a8d195b3ed0082e4,Virus
4f9d215f7802af53ff1b10a0f4cc895f,Trojan
5c09c6f9180f00fd169a7a439568eafb,Trojan
28372d68bf99f79dd1098f16ee745b01,Worm
3cfc9de99eae3d5835bad510f3a77e5a,Worm
37b1ced9dd2ca3dc26ab21785e2d1f1d,Virus
a0d592c7df2976c01ea3fb163dafe4d7,Trojan
4ffc995a7a4e030dac80fce6ec22c226,Worm
395b26bae76dfcd2ebfd6dd0165d8d96,Trojan
bbb71a28f1a5b0cad3df156396cf97b7,Worm
c2c8db8331aabdc37882f27e265fe7db,Trojan
601f7fab5f28af68749415a774da427e,Virus
7b59a5247c8f57e61cc34318a5d6af2c,Trojan
9886d7a40c89e18e947a7de09bc32be0,Trojan
bdbabb9d54be19c3a7192c95cebe1695,Trojan
9b50b04f5a674e901b0fdffca58f4eae,Worm
b2590b1776e37b224279947ced1f24e1,Trojan
8eed79ffa5d4b25b19b68194de1a1a32,Trojan
7ff2c1a39daed0987903a76e839e4959,Virus
2cdba3bfa37f6c5a107948f326a8f7f8,Trojan
d134c14a996de380a104f533cb173751,Virus
5498cc70a85c3f0bfb652256a7b9a93f,Trojan
7b2375cd7f178b37bea9d0b05f3f09d9,Virus
41e6b959cd5478bc4200c47b718f37e4,Worm
81aa2a4050f6ff4f91a1220f0632bc36,Worm
08e829d0566d9345c968bcc367e7b384,Worm
04e13e02f8be35f43661406f687f8bd5,Virus
008fa98b591b38113480f39e4091095d,Worm
fe8eff665f67400420eb7f538b4d1999,Virus
68144285447d1f911a7b262bc972d407,Trojan
bf673c3644692ff28737fb8179db8f61,Worm
65cfc3221daabd2cca7baeacb8bab01a,Virus
e226affe5d375dd769fb1251257e6526,Virus
c190068a0874791a310b004416fef6b2,Trojan
fe1a6648fcdce2179400738b7fcacfdf,Virus
aa204d8c56ebe2b10879dfef2be52f79,Virus
5bdf304e1067129457b0d45f44dfdf93,Trojan
09f534d8d520edb78158f9e2ea12ff29,Virus
8711fe7918ec34857feba2f6e8175a03,Trojan
68c7693a1dcc4c6a70a6298fe7c5a133,Virus
13ba51f5e3a6143c65b566f4dc36a9c8,Trojan
f5f15b765779da283e00f43d827f24d5,Trojan
050611fd53fef7569435c123544e7241,Worm
4d5bfae2ac7cf7c9789ee4b8a04c384e,Virus
27088900a4e16ba71abb165c7096aa30,Worm
6db85560e4fed8207fe34b9ef6a96bcc,Virus
2ffa87c16b03214c4ebeb20ab3fa1b72,Trojan
dce87ca47d9cf3eee69865c90a141ea4,Trojan
82a06010684f8c05b0bad36d4147586b,Trojan
a32571a5699810eb96a6df6dfbb6006d,Trojan
d03f56729dcc8cb6d3ebf217edaaeb9b,Trojan
acefcc0421b2b5bdad74405f030956e6,Worm
fdf597a68d6c9387f54f40396b326698,Trojan
3bdbe0c5a01722d4d98aa5ff94b1e9d0,Trojan
1ab27c7931325e031b4d4d10d92491de,Worm
af58cffd063f610f80f18f66757a6471,Virus
2c052febaa00f18ac583f43eb4609f9f,Worm
4be4603572b3d12595f8df61be97ba5c,Virus
63706384b28132ac5fc38e4911f9b30d,Worm
9fa4c590c3e8f3067e0f5b8dd0a04e54,Trojan
8b9328cf9fd7efd38394bd93a6ec7d42,Trojan
05097455f95cc693a64fb24623e5852d,Worm
927c9f1ca9fe63717a9197314a6a03f1,Virus
d451f24ba9a13cdb701832c2324592ce,Trojan
339096f47249b39c51f403adb233faf7,Worm
a88dd4e718b77bf3955e816f089ff8bb,Trojan
a98324b5d92b819e247abfdc4133d0fd,Trojan
f865d96b1197770aa9d33cd2483a01c8,Worm
de92e9c68d68c49ff92f531ea553d06b,Virus
294d5ac49238c66b1b7db7ddcc3a24a6,Worm
ce0bd6f6904a6d3d38b1e8ade2aa3bb9,Virus
5e44f6dd43f7306002e0ea7266252ec7,Worm
fff469a3b11802fbda89c07466c71dd0,Worm
127a929171054b11ecae070fed2a5f44,Trojan
2770b9995bb541eac88745305e3d83b1,Virus
c25474820b3472a7248a0372732a62ff,Worm
33406708f564018984af78a61a352863,Worm
f828ba595ce0bb986694f3de517c2954,Virus
fe6458ab904feded87d577c4798ef3fd,Trojan
d090a46d51cc9cb20be4775f72b48749,Worm
5ad62695dbac70097b311ef8171a800b,Virus
67b22329b1ba21b64dd9968c50a2eb56,Virus
0b88d49101d2132e13a81521226d8d9d,Virus
b84f69b9683756117989c4e2eb4bdb1c,Trojan
58fda6902aeb8e8823ecf920dddd9499,Worm
01b1c79fecb0a5179a17b4948eb635d0,Virus
5e835be2dcd665ce18dddae99fc7904c,Trojan
da00323a935147c8d90810c1c52c6d12,Virus
77794de57ad27ca538ca0b007966e46e,Trojan
80100ff74bf078eb850a2b27a4a72c7b,Worm
d6b970b6a4d9377666f9c4d227721699,Worm
a9424cc893cfc356ab2662a6991ddcd4,Trojan
a80ce49ede1d972ce749f74b9a2888b0,Worm
708ade334a089cb6fa50c520f927dd0d,Worm
f13f6dace1834afdecde22487ff0605b,Trojan
f27be858818502b52e48a81bcf8cb49b,Worm
0504927f4912974bc730b6594a46edbb,Virus
d096923146ef0558aeca6101b244fe7c,Trojan
a6b3187150d73ce0de0632d382c59bd3,Worm
e77465b791fa30305cc8a5cc3b911d4e,Worm
744f80a5e3c708e8bd82fd5bbb0dd356,Trojan
0a1906faa7e24d33d3b37fccec9090b7,Virus
86c35fda96e09fb0d93d4f207b5d846a,Worm
e01368bf927525cb1b59ace62ef13e13,Worm
d4c0a92446c67bf8cc9fe736cd1d36e0,Virus
96af8ad5831b7358d62e155eec5e9a80,Virus
e6a43cac6e4c5837609a5c4fe010af28,Virus
dd2f95f3a158f432221ad745db8d88d7,Trojan
94f3fc5961ad555965c71782dcaf0b8f,Trojan
5b4f85027754934a1873003829911d3e,Virus
306677d2df1e63a1a3cc6ea9b962cc07,Worm
528aff34570aa1feada6dfd42cedd237,Trojan
0bfc70badfe308139ec1dd00ebfa1d2e,Trojan
2b20ff10b6408d2ed82bc9d4d35c5c44,Trojan
a6c7c80bb8e3c50aac8abff711053691,Virus
664ecf18a863ef87d73b0d2f81285453,Trojan
794ec6fb868cdf9834f22c38d837363a,Worm
b3d3e3eb27d639d51fdcc34d57bad1a8,Trojan
517b57c532ed92faeb99577302038272,Worm
c883aecf8c947380b45b56c401608253,Trojan
ae83ec21883966d9ccd2dd112abbc3ca,Virus
b054a2399dedaa8f28d9861fa865c79b,Virus
9dc10c4404b785735ef77856c39acc60,Virus
c29aae90884563ee6d47e685c0af88d3,Worm
e61d947a225fec7302a49049d30f584a,Virus
83a27725049fc7e673437333201bb1e8,Worm
bea42703390dfd46c1d5967d507941de,Worm
487616dcb6a77e4eebab13460feed5d7,Virus
d3f3eca0777123b81f39096e48b250a4,Virus
3fc6d243fc8c24291d492b49d3a06199,Virus
dce32b7853c6edb3ff1cffcc8e62447f,Worm
67a093f27a44f2f73d59e131d169034d,Virus
827719c183de68665c69e5f8eb25b2b5,Trojan
dd08fdaf54b756334456e46d04d1f322,Virus
a67c416e5f0fda938ef5f153edb94489,Trojan
b856163160951c4da8a7f96c7408d5e2,Virus
d2f4d792eb5a2d5b84535372cccf9f46,Worm
bb6b3ef01af699a73622fa87255ed4a1,Trojan
2dde672fac14d6b0c6a9b47a27d066fa,Virus
b3e444a7e8748842d47512ed589e43f8,Virus
a97e71f3114ec63bf378ff50388efa1a,Trojan
4c9e63745018dd9f2c50322600e6277f,Trojan
5501a7c9c4f177f029768b7c015a8453,Virus
6f7fba65047f3891c4bb69bad0e2f6cd,Virus
f34df2ce81c76f7b544f6f8c7614f66e,Worm
e6090d3d18ebaaa175f3583affa59147,Worm
2c20e0e6c9ca01c2f45e9dbe44b60e1f,Worm
cecf9dc154ab8f2d5c6456ed0a2b7a47,Trojan
eb6d9913b9cead06f2b5435f975ab7a2,Trojan
71b72166eb63b4b0d3a49a4fc27e2f78,Trojan
dce24cf354fcaa2858bb980b5ca454c0,Worm
1fcb3d550edf22be408c1f6060520530,Virus
501f901b6e6e52561872f86e8543e6c6,Trojan
f8ce50b6647e2d20a96423d68d74a21f,Trojan
14e96cde9c9a582f66a9fce3c68bde57,Worm
b7fb827dca0be74acb86a3382e1b7827,Worm
c4e94a8db25a4db6db41af1fb8b372c1,Worm
58d9428699aa35c7d26ff0b24bceb7a4,Worm
117f9046d7ee9dfb351dde1f6072ddb2,Worm
8b75d965a25d6bc65ede370eb9ca5f72,Virus
5f10b7371310e68bf5127b6ee02dfaba,Virus
da3c69041feb4e21445c60ad264344ec,Worm
0bbdcde9456b2c7a8abdf8973dfccd79,Worm
0d9c3fcac675a6bf2b5a56612407df6c,Virus
3c78eeaaf5986c640f9e07fc8114e3f6,Virus
0fa75e932b5617dad5b886683ae6526a,Trojan
f8065e9dab19a032d6cfa2b87a4da787,Virus
5618384d73ee65edc0a5597d0f7c06f1,Trojan
688577dec4ef3cf5206c72858d91d6fb,Worm
1f2eb0a9ddfa142a29a8c4bbc368ca70,Worm
47c1134a08d1226b4b9a4af0e35ecabd,Worm
8dcae3dca1c445606af783853c39ef6f,Trojan
f75cf97f499cc930eaf778b2b5d3f54a,Trojan
6184dcac12b055ac870aab823d5ef13b,Worm
af576de2815a436167a1f2e28998d47f,Worm
a504429f08175afc6d28dcb0938c0b9c,Trojan
d9963d30c8d7cbe2a8759ece0d6ec8e6,Worm
c9a7051a1e54ba3fdbcedab387f15c41,Trojan
e6445ee2232fae9047977bf2f3e7b46c,Trojan
5a6a4ceb2decd47626396dccaa07c358,Trojan
3f0aff7753c800e8b80ea06dbda429cd,Virus
bba619acc65dbd04cd8a22fe660480b4,Virus
74464e05b89eb5c959bf29f4394660cd,Virus
4d38b7d030fc85e15bd4370579ca26d9,Virus
e44440913afc15e2510319673223704f,Virus
6a6362fc1c743158474c4f08154c0cbd,Virus
5a5df91483a37dec2ef5c70af4f2d166,Trojan
373d59735b1ac9c00425eb6cb538e14e,Worm
d2e6be67487d8f207c6324174aa53c44,Virus
315ae81bca291be58e571bf61fc467fd,Virus
5b73213226a32d43a7d9eec36bddd3b6,Trojan
92f8c8e16daa5dd472c5bac37ac06afd,Trojan
049955ec19588cea50433920ffb38ec0,Virus
ac70cf0db4007f83bd2758dec65cc280,Virus
9f8e0395843aa8d75f0b87c508511ff7,Trojan
f60ba3fe75a5f909b12275757082e0ad,Worm
6c8b7e2ef4564e4ff01ba22088408e65,Trojan
b4a5e35759fc8a0f12d448f613e8e1b2,Virus
6debd3440e0e034fdc5e95b9d9f6794a,Virus
09032c61d723f26105b379d0032d8c6a,Worm
ac004238cb84b9eb4a464be6e13917a0,Trojan
dfeb34e9e2f80cefcfc342b7a276db8b,Worm
2dd1ab65724e65f290d40580fc7f75f3,Trojan
307a81d3f03b4b78acb473b39d6bc885,Trojan
1aea562bc27eec5d9de06328a4faeeed,Trojan
e2b5caf254b177ebf08fb59c7cb59ec8,Trojan
1085e3afdbd42ee484a2c46e096106bf,Worm
c8add8b62ba642f000a164a1c241e38f,Worm
9c7eb7b92e88d827af3ed6279011d4ae,Worm
208d83b97934d7519289d2e4d3a35867,Worm
e00d06b59e778371c0be3ef04b32d986,Virus
9c4a5d8b1174a444aa53eed74bd41e89,Trojan
3e029d400ab28c7268b0d0eeb8114626,Worm
36e4687a615043c4ea0ece1b37d85e59,Virus
a2bd288b874f4a3ae0294fbb82231db8,Trojan
7f1c4300fc5052f85be2c058adfc648a,Virus
6520a98ce23ff2cdd28b7b8d67546f94,Worm
cbf619a8ea5d57a90ce09eda48cffcbb,Virus
ea8428c5f4b987b56f0209b2cca3318a,Worm
1c680f66b85d3d04d8a648760b21fded,Trojan
9f0787adaeef7051e903ebb2fca57c8c,Worm
405ee2a3f5ca74780c55125833113091,Worm
0401f44d3e8f634933581b36e0885686,Worm
80ba39f18525232c83e1eb3c8aea188c,Worm
ff531e21f3ee96478ebb9ce57658a3eb,Trojan
373f7ad30d959b29a60e64c849560d33,Virus
576585e04823bd44a56f5d9cee356d43,Trojan
2d79aca9cfeb0ad4961ddb06771316f7,Worm
e5f8333915f9f84d90786d8b925a4373,Trojan
5333989f5be5fd545291d092e1c1ab12,Trojan
55f7e6f9aab5c3f63751b3e45d198acf,Trojan
5b7629a994d82d2fffab63b62c31e2af,Worm
cf7250713b58e1553ffa88bcbc728b8a,Virus
c71b8f8afb8a0eba7ba4dab0b0bf5b11,Trojan
8d9818e5faa5dfbbbbcfd031474cda3e,Worm
e473fbc0e085a68d5368fa89c787963e,Trojan
c66f80650a4153fa98f823a6b198b6b5,Trojan
8db278f42d951f340147884ab1d1d848,Virus
3deda012147f81bf0c2e00e86306dcce,Trojan
cc20665b4f0c21237004f59e8ab829ea,Worm
cc702ac228a04e59761726179c997e26,Worm
a2f3b932e83a1224a4535e45d8d68281,Virus
cb6ba94aa7307db4b6f26342f9b40e98,Trojan
7d93f15bb85137102a1ba4f2c2a51b2a,Virus
d3fe87d706ec89e64c8c5936cb5ba7a8,Virus
0c259f78d3aa89dd94dcdf5301987eaf,Worm
4d07d70da4e5eaf5ea9a8f9a29964afa,Worm
8c759ab42fb3ef01f652b6da0765e8f7,Trojan
e977f3a3ebfea99a77e1b53e19982e79,Trojan
04bd25284f2e7740f633b7eeffc61088,Virus
42bcc14baf1b9af789e8f37e67276f99,Worm
03a9e5214201502714376afb6ab5b4b6,Worm
1894cd04c43b01c2d69dc4c8c9fab362,Trojan
a3a1c89c42ee3d50a634640a7c82d56e,Worm
5fbea3f1a2a87487e29906d4104cae83,Virus
0a2eb6cb6375bb69d5ee69af7bb9e470,Virus
53bfc58f5194565f1cb2bb812e999656,Virus
73846599fb49d0559fc044c095763903,Trojan
0035cb95fed54fb5876e599b6af46f97,Worm
9a2fa6e28211abb66487ecb45304ca7f,Virus
138544388cf0f3cc44ba6f76eadce34f,Worm
633a044c897f9fa6f30a0e483ca321a6,Virus
4fadca7cb715887507431ae0598565f9,Virus
94854f472b7f7fa9643d1fe1b9fc62ff,Trojan
327d923b0d7c3379e5ec9d6bc0e602a0,Trojan
356e04157c7d3cbb3191e792dca24c7a,Trojan
d92ccb845a8554afb2c698b5ace38c4f,Virus
58537d7b889dae672fa4e0bba8dc870e,Worm
f458958f06d771f8516580211a593362,Virus
f30f068c8610c5b4c9ae40b6391754ee,Trojan
2b24cefc2a25d9dbef0e602a72546e7e,Worm
717f45d8714f61b48ab03050a4962b69,Worm
58995702fb5745f51113c0091c2f1e98,Worm
b7112f12985c2dac8ffc0fcd20c531ea,Worm
f9d5f62ba89e713404d814871d0883ae,Trojan
ac58d86cf09da39657ae1f8d7631ab43,Trojan
52559086bff82e77af2a7c3852c660f0,Virus
034111f1e34be0dafe8752e5ec9b9043,Virus
f2043512e1a9273bea94d6f7241ba104,Trojan
a7b2e5d7c70d15402907d253c5dfd947,Trojan
9fd8bc5cc84182d1bf91354a7001b6e8,Worm
7d9abf2391d02f4d46b513b0f648064a,Virus
7373c07fcab69c024bb4f49d1b18f73b,Virus
324a4a212a36f808cb9f37875772304c,Virus
3ec00f706377f26d76b27925ecdf960a,Virus
a5fffe5f79bee5ed92f31f8f5b5cb77e,Worm
b3a89434d3b48872e5c0c17503d64822,Trojan
eb60adde1dbd30e9a50839eebeca29ab,Trojan
b82d0fda1e1fe03cc3c90079108fb7ac,Virus
a3d31fe5c186e43d413bdc4341fcb10d,Trojan
e3bd9691161ad7d808a89b1a74101e54,Trojan
4cef9ed18b77e1720ed6267d51ac5e7c,Virus
08788983e1af36615585b51b39f948ff,Virus
f5b0d87333c5b6b6cf940607a91aa0c3,Worm
915b1b41deb9e4f2e40ab902d0482c02,Trojan
3c5130c689c85aaca05697cdb9bf0c01,Trojan
385412d0186549a650ac76e55d8456e6,Worm
c1662cbe84dc385c16025680f0eb4b86,Worm
6d969f9c97b6f83d96474f434d4782a6,Trojan
cd72cc0d07d6a3087bc78d08671a7e28,Trojan
ca019d4f3baef102d39ade71f2f57200,Worm
b5f77c08f09dcb3ffdcc08d8a12519bb,Virus
c56d8b44fde0dfacb9afb04fe87974aa,Virus
2e5208c1af515da94987170ab4c2d4ce,Worm
732790adda37720ce2f505e88b0f4866,Worm
0b6fc569731b34bee893e8742ea314c8,Trojan
9fb8ac587e5e4185e78031db8e28f31a,Virus
8cffc843ede8fe637e46d63e6db9c79e,Virus
56d10d8fdc802221f526d63e3ab2b65e,Virus
e1514919c23402c60f634862485ceef1,Virus
fe88c0d72bff87e20728070cb1e6aac0,Worm
4aa976e3aecaa74c0b5a7a10df0ab87f,Worm
6c22711c521c793672d620ee49b682c1,Virus
b5dfc05414fa5d0fc58eea1e4f34d99a,Virus
07f9ae0f28d502d73406fcc6b5ea85ef,Trojan
d2a7ae2ed23c89be99a4b939351c6eb3,Virus
6372b72587ec4f48f87787be4ddc2fad,Virus
3db0be6844d43e12235eed18460ecc8f,Virus
437edd1fded2bf819392f89986bcd5f6,Trojan
6a2eeadfd4d004a7dc4944c2ed1782ec,Trojan
546e157e68a1e1ab81678e4a9cd1fb35,Virus
39fc7725f336a7b2e007c10fc3048d4b,Virus
c45def1fbd6e2370ff00754da8c1793e,Trojan
ba377e650bd424ad9d3f19403a31fbad,Trojan
b9c507671b7fca613546c6709fe653ad,Worm
b7815e3fbdf66b7b0e47644057905407,Virus
526977db8b045275a78d33bfa5072e16,Trojan
5e7d0aeff4ea7bf9511dd6ad3edc48ae,Worm
1002e2b84cf4df2106b1d4916f70a82d,Trojan
742a7f4bdf86bd39c193965e9d50c889,Trojan
8710bcd52947c1a41c8cb4120181b871,Trojan
dc49241423cb8d903f5645c349002aa8,Trojan
c74119e63778f4cf00766f6bf181f9fb,Trojan
ad0921654d7399091e25193ca19a68cd,Trojan
812e965e5669fc912a4702538df89e95,Worm
46de8e0495ee13e2a0c67ac556c5364f,Worm
27a82ba2f35153bacc84d14fd04d4dd1,Virus
00b6da1431ff8fec2e72e695eb085245,Virus
e5bddb8fa8d443a6b3243f48b7247805,Virus
cfe4e28e6c2ffffa553cf32b8f3d644c,Virus
6d41a13bbe35b5306a8de5cc5ab3b26b,Virus
afa0990902941345175f2db693ca511b,Worm
ba564c862a18abba52e522b3f3d53d11,Virus
4e84b131fad23baca7a9f3d006f2d1da,Virus
7c327ff147b676903d4113369b850f56,Virus
a367e425222734332c35fbc929a83280,Trojan
e6a8340fce766c148897c611c751c06e,Trojan
02f616fe4e76d1d8d3753cb22fc899f4,Virus
0abf49752f72097c9728588f9a13ba95,Worm
1b330e37992f794d405fed5feb7b0bec,Virus
4f25e680def613d04d317269ad3d4b52,Virus
8337c225893669bfe345733de4744319,Virus
9ae43c2cb8d1c37d95af26ae756cefd7,Trojan
a4462f8b5f2d2fc8346a237c29a86e65,Trojan
96aa84cc712068c02dcc92e7932dac5b,Trojan
8fe018ef22dbb0ca445439d22777fb79,Worm
636995420ef027202e1aa34ababce79d,Trojan
6440094a5a59e79d9696ceee11280694,Worm
d5a23e06d20737f39bd83ded10772a23,Worm
bc1f7c57962d6303b7aa2a22a9b45000,Worm
1b3b3ee3f85215f7774e74b085120d8e,Worm
1da8e593ca974a302eb0e012383e8936,Virus
4f7a34246d3b84c5af6748c530732460,Virus
10a490b6d9f37b697b394bfc339d8f53,Trojan
fabf93fd9b5d0c334b9edc3c0253fed1,Virus
baafa437fe4d9f30b598f8cf853758fc,Worm
6d7171b912619957e991291952b8a51a,Worm
334e6c7907f4df2e66bb3d0cc47f66cd,Worm
d60b2479721f0028a2db40b66f21a029,Virus
8e25ba789279aa0a88982a9f251bec71,Trojan
213a153dd45a662f0786735dda8e4a8a,Worm
1ccaf7f0d0766a3d49aac96bcc2323b6,Worm
3ea6659ba310f0ea021494795f9d4d3a,Trojan
cba49c28761c7af70a67861f1e18946f,Virus
a78ce6cb7b1a559a51b228bc9e54fa2e,Trojan
b66e494c2394fb927bd04c4f72a8aa1a,Virus
fc7ff1c88425653c6c2962d8ae0c9199,Worm
f45fee09d68080789a8565edcc40e84b,Trojan
c1831d3e456c76b86863840283d4eb42,Trojan
608d1fbce5b536c60106c69d8641b5f2,Worm
bbc35e9fd56edece31cbc2fa1a9c92f9,Worm
2c16f80f1913f9fa3f3de7c74fe4ed0e,Trojan
4e1937ac5f92909c55ee0347f0338472,Virus
c91d2327d46ae36b63cd35f8eeb57250,Virus
49e9f257f5dba1ffbdc48a25a88b1b05,Virus
1c05aa2ca342a00defa13374912ea457,Trojan
c9cec2850d83d09b1d624ea861f2ecce,Worm
339eca946d790b335a048d15db24ab1f,Trojan
de9cea3eccbed5772f3351fa18a09cf1,Trojan
74086b34ac18e6478447509548aa775b,Worm
a95f70539cc2aa0ddfe2dfcea36e8fc7,Trojan
b662af66b05b40aa2e07d3a1c94626ef,Worm
5fd1e087b38e1de4f9410b1f6678cddb,Worm
9cc4e09a9abe4873c719efc7d1496e2e,Worm
c6525d17793ba765cd7265656c164368,Trojan
6d8f3d89115f9ff848458a13e1737b70,Worm
3dbd5c7e0c1ba4d3fc04137e360abf9a,Worm
17931b7a7ad3f5312f23611d67b00e66,Worm
8c0de02db0931a0ec0caa1b9a5ba2d32,Trojan
0dabb00cafe8473336cf80ddd2ffe514,Virus
2048f03adc2ac4ead14470dccaaffd62,Virus
738f82c6d8d241d74c5e00475a515520,Virus
fdb1e5c612d227db84b90b3ec7ebe9ce,Virus
3208d7978402920f4a9d3f81a7e2d036,Virus
c093f55efd454e1d16a3ed27f85dd192,Virus
f4a1c9a1553fde496b557e66a3197590,Virus
1bde4b40f2bbbfb39884e835ae9ee01e,Worm
32f26b214c3eb7b345ea5a1bd2e64eed,Virus
d93acfb19bb5b3ea9069532c85be1763,Virus
21f3914b95df2072969369179d242aeb,Virus
db2595827441c8e091302f3ee7bdcc5b,Trojan
be9802c6715d8fa7a1ac4892f6cf6ed5,Trojan
d72130bce30bb54f63907620f3f9fc15,Worm
1f9e0fae3417caba2fc70b3a00efc00e,Worm
72faf08524ab5dd8ca38ed811f278255,Virus
8ee227aebf7bfd0da69f625a3d1452ef,Worm
fb151e9d5cf3d026d765264827219449,Virus
2f2c38d67d94da5993a5a49f0174ba72,Worm
00ebfa9b2536707571447418b954a2d5,Worm
94ad8c080b3071620d9d497f7d1ea393,Virus
ac29879baf471cc726074fcea4905516,Worm
250248617fd2979fe8c0fdf32dd5f915,Virus
0657f56571381b185695d9fda6a59101,Trojan
6738a89f5621ed1fc25242c9424cce12,Worm
319cfa1d38caab79abbec1b2bb9b1d99,Virus
109a9937f23222f0643bc2eb96cb3ce9,Trojan
5d5de291f3c3332b70a0ecd954860ec9,Trojan
33787eaa5cd0397d05363a9573058a34,Worm
cf92f96e9dc0ebf783887903e3eaac28,Worm
84474706e95d81ed2cf84e49a9a7bace,Worm
ecb98061773495750052b435c5cd91a6,Trojan
fdf5a3991a3c3a97836cd5ed1fb17064,Virus
d45237db6bef5c86dd8b34011587d50a,Worm
cbaa1b2cba107fc251ea0f471c611528,Virus
40e49481fd2ed768b142de17ee9bd801,Trojan
395891dedc74263b74ffd0b1b49e8809,Virus
62292f11e1cdd9b12e9c19e2f6ad29bc,Trojan
ac4f5e24ea6fb1ce474d9fc25256aaa1,Worm
4220c7b23ef2bccbe93c9da340ae9515,Virus
beedd3c281d6022a0072fcfadc046e4e,Worm
9a6a714c0d1ee39e0513912854813620,Trojan
19c4bef0aacd1257243ee8b44127414e,Virus
b4792f3a6f2c6d18345c351de3f35af5,Virus
2a75fc98c447057f2a8399eb4f524fca,Trojan
4c72df15c8c7d909d56536570f2d44d4,Trojan
53dcc51ac910aa4001eedc9e5ed68538,Virus
1256484f1750cbb4dde1a592a398a414,Virus
8ef72d09a7eade18fd3d176b68970f40,Trojan
149a086bfe4d5cbe959304f65d0e117c,Trojan
59dba0b3aa50201f909fe689d8b7a767,Worm
1a13e9586e8e87cd81697acbad28efd7,Trojan
aaca0e9dfc741a780def5f9ed5f3c122,Virus
c4d184f0dfcbf6f9fe1bd0ac0bc9350f,Trojan
d13e779cfc1ea3ecebfec5736739148a,Trojan
8f02bd1224e0299e235a11adba9a5985,Trojan
0971b2c1aaac99c407f1db0dcaf3fe28,Virus
b37f2f3cde5384c29fa4f37db776a49e,Worm
37842d62de0f78301bec6fe7d01ad514,Worm
099a5ed179bff58e4c05e29587449a2f,Virus
89b6a7cad1741506836db0b661c40671,Worm
e27fb6d26c98f3ff9963c9cd7f398e71,Worm
75b43aa8abb1cb16abb1eac5532c9397,Virus
fdd05010500a473b9e62d3abc069a20a,Virus
6a0f8c1e7e579cb4265c06ebeef0c6c9,Trojan
00b6429a748a8333cb90863b6f343223,Trojan
bd109a1ba70166842f8b49b0a496f165,Trojan
248e5a95f81b3598157e55f3b044b767,Worm
8f1df79e2d6a941f79e204b5277a2486,Worm
2aec958c1047c12f4edb035f19d939d7,Worm
6f7c0a01871be1a256ea682401abccae,Trojan
21b5eb930e740df8da67d60963843b6f,Virus
5009843e74f77cd83469bb0f49622689,Trojan
5346e8dce9e86d389ee3ec10fc17c984,Trojan
04ebc1f2b547293e7b8fd0e14d941bf0,Virus
0636e43f68ae0a0093fbb63443e5d555,Trojan
b0eff74b0ce05c7e63920048db75880a,Trojan
446f64e9b393481c6c1e29a50a63c6f7,Worm
13acbc7ddf2466a504d9e0a0a50e9be0,Virus
146fdc5cf32756227f38dedb22defc31,Trojan
3e9ddd97677004ba740d75d214a2bd69,Trojan
78176757f563359de162fee5817164ea,Worm
88e96f9db48e9e999bcbf176d150bf51,Trojan
db5019afda340713a7e592c3bb567452,Trojan
39a38f2c3401c9db7bfd53accbcf5f8c,Worm
f416ac77e0c8dc08deaea7c1306bfac2,Virus
1d5f40a572ae257b48185ad9285ce873,Worm
dcd8f4e550a4336b5b80c8ccaf716184,Worm
a0dc44a41324badbabddb38114b22cef,Virus
dbe3d55eaa8a4c45422c458ec43873f5,Virus
3fa5112891a18c8b5ee423150e61a70a,Worm
4da1171b5dca300fbd010fd62dbf5f66,Worm
f77fe5ecc7e1e0840115c3a3143c3811,Virus
49938fc964e7208d572e74efd1afa50f,Trojan
3445871df294b0cc7730dd4d09b5303a,Virus
297994f63570988151b8c6bf8623c664,Worm
5bc6366c12296e4e80485360ca584bf6,Worm
cce6e65ae6c17d0bbd5cfba323ab42cf,Virus
e6b9fefb10eb28aedb3668e78fb68332,Worm
b0f0fa4b2337350fb7ab37b32ae25ad1,Worm
9a84229210cce5d0e049e4ec05590e34,Trojan
587ca3a536017ea2ba4030d3c5e29cfb,Virus
7f9b51c8b242fa2ca263ae8c31f12afc,Virus
7c889dec6c5ef3bea0cf747a3a18c13c,Worm
d9a8de0795356ccf54c6854372777b67,Virus
03f2aef2f22fc925de244610574de4d8,Trojan
2b8b3dc47eea451987c9238af92b0b13,Worm
c85326592884966c95c9ff9aeff0fc39,Worm
19d488f9f339406ae63c9e3ecfe8aa63,Virus
c2ed9d7a1626544dde3369275b3260a8,Virus
f1963f7c5374aae1302db6c99c35dd29,Virus
13d398febc136965fbec09350532a42e,Worm
dc14e70333a2cb35650c047e9c15f408,Virus
5b4ded0a46c3f959717b1bacfd75f36d,Trojan
c372fa16100d04cbe65fa7b779c21e3b,Worm
04ceb228ec93911e66f5a2716ee3f111,Worm
42db5898c9f5602f8c8cf8fbd05d514a,Virus
a5b66fca3c982238d0a74b83bfe59c91,Trojan
baf77ebbb527b8e21e4195b7dde9e0a5,Trojan
45bd9fcf5cbe85b0b2e724ac49077973,Worm
f57499916409a7030204eeee05f79fa7,Trojan
83f872672e45a01ff2afbf2b51a75cdb,Trojan
2e1cf58815a020720210dfa7aa7f8fbe,Virus
7778765bf7920883d92398093a09290e,Virus
c49709856735405da3f828ca7c56a0b2,Worm
952d11d384e381a9ead60f9c93561713,Virus
fcd1b9dead76673e1818aa9f90f2e30c,Trojan
eb861beaeb9976f61d9c340a6975c297,Worm
6b883d9090e32b7e44e990b965dc685a,Virus
52c1028717d35d83850c94e674481d4f,Virus
182bf8ffc46fcfc5190163dba6dfaab4,Trojan
f210b77231bbfe4df1588b23b0a0b894,Trojan
6794af92bfa3def99a95ec797ae43dc0,Trojan
8bdd50b0c8b83310d885c9cbbd8f3163,Trojan
827defabcfa4e045329aa17b67db9d93,Worm
bf125f12c44034e11aa85d8fd9088165,Worm
c8eed3b79e82d6ad8a54f65183df8be2,Virus
b4ad8da1f4c3abdf1f268cec79c33107,Worm
dcf0d0ecf9e1503336fbd212f66cbd75,Worm
00f6df5770c750b2a5e207dffdf77ab9,Virus
88c8f05dd606849a15092e400a4c672a,Worm
0803e55b399992b18812051120c5e8a2,Virus
71b6b56868d5da1e9de38b857b7aa329,Worm
2954794ebf90ba0c2cf96b669d75e74a,Virus
7512f13dab3d3ddaec41998352fa6f49,Virus
6fc994d4f9db8206c40a618452123cab,Worm
4041d92e8acd24d0be65bcbe130347cf,Trojan
97e449d55c45324a3ac21a36065d9c64,Trojan
f57dc8313ba9635a52cc4bb216dfdc1b,Trojan
2c99f319a6891dce5f6a4cf297f8f2e6,Worm
24491fd4f77352e21e13935300ae6152,Worm
54cc305effbf06f155e12acf0cc3b785,Virus
a93f32f6bbe4264acc5e622570c50b4b,Worm
636590412ede2e4d7d8d3a5fd3540fc9,Virus
f009418027cc364dbdf1fdfcda549124,Trojan
1b90f620d18eeb78a3ed15ff328bfebc,Worm
c05a299b92af08c3aad0e9a59b78dea7,Virus
ef856299bfe205a16e8856b9cfb8465a,Virus
9aba5b0855e34000e0ddfa2ccddbcfef,Worm
3e6dec1ea11234ecb459384f9bdc6be7,Trojan
20962da15e58102211514bd1d51864c1,Worm
683e8c53b67311c8b8985402fa85277b,Trojan
ffb77c79e373eb5e0ffad8b02311de65,Virus
1a402e5afd026223e203fb92a47255b0,Virus
eaf94c6dd404759be6a57e480d561662,Virus
74271e89e016a4453875f9d4e384c7ef,Virus
b6ccacc12358ba2924c30ff7c225b7c2,Worm
17fab06caf860e122180e20d90964370,Worm
efbcb3e024970baf968a5a100204fc50,Trojan
61a613158d78ad70834f75701f2ef039,Trojan
d2c33a2d5a07e3d961da7f2c2bba7c4c,Virus
697c05fb0c6e0cd8e34470ba1b65d74f,Virus
6907af9d6f8af19dea883962b89b8c7a,Trojan
6d7b7ccea5da9248d2f90c47c9e01128,Trojan
70473cd68b34468441e0a527a4aa2eb8,Trojan
073d672995d744ea611c2fbb3e64e17e,Trojan
1f95f85acb39ceb00240378ab5189934,Virus
5315cfa48e02ac609f223f796e0be2ab,Trojan
644e09a8975dbdd50c93be9cfafe454b,Trojan
b105c4f945869ed7b8f1ce383a930590,Worm
6cfce93d8fd0058779c57c1281b5095c,Trojan
4fc22c428ee55aba5dcd6b957b0df135,Virus
02aa9fd4864e5aea8540f477d9e14e2e,Worm
7fa965d8b2bb87e572f2b265d111d2d5,Trojan
b26cf397d44e5f2d45b1ed8d0b5e3dca,Trojan
95192e2dce95a362d60f31736832ee5e,Virus
ed25cfb06275caa5145e29062e84017b,Trojan
9f61d6e234a31f87e63ec95bc9809f44,Trojan
bc1f5ab466067586788604c61ebe21b3,Trojan
4179747d3fdce4c7429e097fe9360271,Worm
7ae22e76f1bb196bab6278bb8f1f1589,Trojan
24731eb8031e64ef6b114c96602abaf7,Virus
21d69d32b14edb54820d099e4f77681e,Virus
07b4eb76f8509edf532d079ef31c21cb,Worm
1163a717f68110154b380a0edb17afec,Trojan
c3d994a9bb885c5d4039b982f5be9133,Trojan
4a39e513dc8b31c709828cf8ebb212b8,Virus
8643108f45114a1a8b5a282c7c124d05,Virus
88d651cdf92f2a17a322081c2a6f188a,Worm
39bd936291c1ac197964bf30b85c0620,Virus
65ea688b5504bdb7458f3345eed5506c,Trojan
4554b70a3fad35a27d2d1cb72185029c,Virus
d5966df4a1a6d43a70507f08eb6d81f0,Worm
08228c822c35c07fcf8ab13ea7a1e399,Worm
2ec60481cb551b52594a0911d456bcaa,Trojan
da2a7eb102f5ea828997651e945ad80e,Worm
ba10ce5dbe164e0b3c6c21843cb24542,Trojan
070084e54ed3390b737828539ce21367,Worm
6842afa4134ec8382f3701fa9de8bfbd,Worm
0f37a3210f18ef0a7e14af7601881c4a,Virus
9bd82ebce98fe2ea055e87b4676d5436,Trojan
1bc675f7154b3140c6517c0b105fca2d,Trojan
32efd84d42893a6ed505a52d2c78243f,Virus
099c3394e3794376a5ead6be1b197576,Worm
70efb87abcba0e2efd81bdc40ba6a5d8,Trojan
61ba16fd0c970d8741ea712667a3a7e7,Worm
4656624c4996a0308df70be70bdd484f,Virus
f2f04a7b2eae5bce67872470efae76f4,Worm
b6e17b55ae84ed49f02f43f5c8905c0b,Worm
c8aac18b613ac6803b0329a7eacbcd48,Trojan
622817e5794de27de38b194c55fbf83b,Worm
d1126ed889661a7ed0aa807f55772216,Trojan
a26ad9dedd948f2ec8dee3337f9c9b48,Trojan
35a7f369a7a1a1cf10d555f7a51e9e4e,Worm
aba538b29bc735298dc60af46d842c5b,Virus
34ea1b403f339e1cb1691ed233a6dfca,Virus
c7471b18a4a76c76b123c3c7b2eb8da1,Virus
5067b3cd15fb250919e5072d98db281a,Trojan
608d2a0960085525ac53a2cb1233e39f,Trojan
f759401bf5ca64be6ca460dbdca3e89f,Trojan
14a496ed489c9c4e9f7d21b144da15db,Worm
e2d55d4799c9afdff7697eac2112e145,Worm
9a59c7e35fcdeb0bc1cc42bc8860071e,Worm
1a92c150c317f87e4d469cc1501b9457,Virus
aa4ad262359eb54aff7b7a4edeaa6a4b,Worm
fa3ffc8e5feef7e8edd0bb099a99c469,Virus
6824a7b656672001f27934722db6e874,Virus
f0e767d3c1938d8da71276d61e1cf306,Virus
bfa01988788de26a7d463fd189abfd2a,Virus
fdf83931ee08cc99e3bcde96c247dd6d,Worm
a87431e5270a59a7f413ad28055012bf,Virus
25544bc4d4b61d4cda6713a96b5946dc,Trojan
0046ba94fafb8056005c6d185e8a40d7,Worm
982bdf5680cf91fe7c6c75f55b8404d2,Trojan
eccd6cbdd9afa7a68ac8c6a498f1849c,Worm
55fc145bc3aea01d58cc983254111d1e,Trojan
dde59306510b36d745e9dafc65505bfa,Trojan
10ca82f1e9798ec325025aac5ae7ec1c,Trojan
d5501c7d8fce7e71ce969f25c0e0fd8b,Trojan
f8ab7b1aa1a2da4b3affc37247131401,Worm
cf7d72dc147a87ea5e815b299af1e0af,Virus
ef183e94bf9a101d82f702111cc3c13c,Trojan
4618eccaaa88eb5f9ea7dd198fd8cf14,Worm
b230d2228a4fe6db0ef2268a7cb615bf,Trojan
3a913e1491db144b0b6fec404efc080c,Virus
b8b4370a274f3adf6d99ea8008af3c31,Trojan
df4bdaa1e14870068a4ada7733d13490,Virus
d8cec08890cb35e326beb75f9b610921,Virus
41569212d140ea005fd6496a3f8a99cf,Trojan
b956e41241eed3241df75af40a1e33bb,Trojan
7017f8a71de4ef926d1f0098f24bb79c,Worm
bd8b358e8709f1910b0fe6bd4f2a743e,Trojan
a47062838951f0ed62942bd88c5ad476,Virus
6c0699f5be04ba9d25ac1016a982d6cf,Virus
1d08bef9a37ae702ba5d36cf0d81e521,Virus
7e4d870833424e10356c93d29e6e23bb,Trojan
aee85667aa3113267c628f29d391028b,Trojan
06c394694aeffdb76a0f16de9fb15161,Trojan
42949c507f1c78cf46d0c3c26ca02007,Virus
ef678fca98fcb5dec6d9df5a59125681,Virus
56d6190defee6968cd447a6022a030ca,Virus
ec4761002b4c95c7f210d96697d4a531,Trojan
b986a8b7b6b34f043cceefa3e2b75ca9,Virus
9544634c9b7e2eab96451b61aeda3007,Trojan
93619dd50619dd95e09d35a3a5c2394d,Virus
6bed710d97bfb6fd217ddfd833e67b8e,Worm
d4dbdc088440ac1c171ab5d06f0a59a7,Virus
aec9de7550e1b2608f21c3cd061c0925,Trojan
eb5e26d461c13e3fadcd22c8ff322d46,Virus
fc3300428f42f23ecbd762971feeb300,Virus
0b3d7184167af241df047a9535b1fb62,Virus
e8cca78fe794e5e172d187589ec2f626,Virus
0f002ad0178a984e108ac212e78565e6,Worm
555ef27f16ebad1c7e0b38b4eb24cdd3,Trojan
6bc50cae6acbc75d4a7e564f7619ef30,Trojan
c74572486de15628b15bacbcc60ee375,Virus
bb809b6d3eefd056b61c74790f026205,Trojan
701b359b97061cb6b57b563be61a8f4f,Virus
a581c7686d41e1cec99c4aaea1845337,Trojan
acdac40672f2a153c5bd9463325eb4a2,Virus
0bd7966539207958a481dbbd45beff9a,Trojan
31a2d86f2f75edd0f7dbf96142a02057,Virus
795a549a984dfeee4820d54893f94b7f,Virus
b6304ac2f57825e146ca7f4658f7117f,Worm
b3ac1c6577f2c5ec0044b4ef3342e5ed,Trojan
dbdb783356e90fbfb2e841f220ec6477,Virus
aff1b897e350b9727f01a3a2d1eb8732,Trojan
7cbd9db5bc8dff0f183687b0789e8bb3,Trojan
50269049f3f5a0bcf040c3bb40a28883,Worm
dd60850a9e5f1c1c445974c8e0ae9906,Virus
88a7df4b7c3d432ac1231941607df2a6,Virus
2081de4e2b21f03cde7e846194e598fe,Virus
3901b523611f918005b5adb93707c075,Worm
bc35ae1f3c440c0f216579fdbea9f166,Virus
97e8162b3bac7e47d8a7ad1316aeed6f,Trojan
f165fcaedd52f3b44e558a41271a0259,Worm
82b54d85e4bfa9f633c7124df6c22e61,Trojan
a8787a9724ce1701a4776b8ecb0e140d,Worm
f8fcbe126ecf77fc841d511dc3bf86ad,Virus
b2b94f8553b861aeef5aa6e5725ed0a1,Trojan
3bcfc98c9ca90ed0e17e476ef5bf535c,Worm
91a70e63ec73a1eca0f3f51d917a5cbd,Trojan
9b97783fac454a136a8f0368bd36c8a3,Worm
22ef9e8164b6bcfdfff73b7c9b585736,Trojan
4e25d91a02ae083b73ee6b90c0ff9f0b,Trojan
f3e128b8166e48d0c17ee51ae4f468c9,Trojan
37f2949523f7a923d2a9d054de0a514a,Trojan
1cee66e148ff55e4bfe5a91d6c3be1be,Trojan
3b08d5880473a29114c27844083cdcdf,Trojan
9dbb9f3d6bbd02fa2b5880e3948745d0,Trojan
aad140a79b0a7c0261493ea81aba24db,Virus
abcc46be6876ebb9f2f399cf2eec3b91,Worm
b1e1d44157c931b4fa567f6559f320ec,Worm
6599bcb43d3f459d0456a93bd17f1dc4,Virus
4899aabf80cced0824a2aef54ff0432d,Virus
926896b08534a030699d721927aea517,Worm
bfaf0840544788112af4b8ef9ce5df11,Trojan
f2a0930b81d6146eb2492f284291d0cd,Worm
d4ae25d18eaedac2c6fb2e70ad936117,Worm
60f2f48c13fdd7afb444f5ecf9f940d2,Virus
f8ab7d482eee7f86d75f0554bca99403,Virus
8e178e3a2cd63fa021013768404dc645,Virus
a065589d5e0f3ab158d459f3163f185d,Trojan
6ca95b438287418a9eff14667f2b74f7,Trojan
a3ff48b496a062ef30a514e8608a6d18,Worm
5d9f57674299593e13f54caf58440917,Worm
4ff8d0fc69a027273e63045958188526,Worm
fa599dc7b8f21b2be84a880759ca2ee2,Virus
ce9b6ce9e39a311c4a3aac6314da134e,Trojan
457ad5ddb16f6c919b8a28d6c3cc205f,Worm
c53ffc7bd1fcab72da2586d25578e893,Worm
bf18e9c66816389d1a8f90710c163be5,Virus
50273509e9958bf1ffcc9b9d4ca5356f,Worm
cd64b780d43cc16ac62104cae6a03317,Trojan
bfcbbf4b1fbdb2c21592234a59d953cd,Worm
a77616861de15c530a99a42ba93572bc,Trojan
6dd0db7de00fb745e89801c025ffff00,Virus
